"COMMON_NAME","SCIENTIFIC_NAME","SITECLCD","site","SPCD","BA_GROW","BA_GROW_AC","BA_GROW_VAR","BA_GROW_AC_VAR","nPlots_TREE","N"
"Alaska yellow-cedar","Chamaecyparis nootkatensis",2,"165-224 cubic feet/acre/year",42,9.55370061164594,0.204003512848362,9.66940820909675,0.0119000510071256,6,2621
"Alaska yellow-cedar","Chamaecyparis nootkatensis",3,"120-164 cubic feet/acre/year",42,10.8149649309077,1.20676317217907,8.08131559220407,0.18126940482476,27,20188
"Alaska yellow-cedar","Chamaecyparis nootkatensis",4,"85-119 cubic feet/acre/year",42,7.03187431064712,4.85761004769045,3.55922179118103,4.17672667056833,25,13582
"Alaska yellow-cedar","Chamaecyparis nootkatensis",5,"50-84 cubic feet/acre/year",42,3.93920188387716,2.82627673328876,0.386439312925323,0.446179443643693,35,13871
"Alaska yellow-cedar","Chamaecyparis nootkatensis",6,"20-49 cubic feet/acre/year",42,4.377346240048,3.5770356026084,0.501841943782162,1.3544254868078,30,13582
"Alaska yellow-cedar","Chamaecyparis nootkatensis",7,"0-19 cubic feet/acre/year",42,6.94790660408928,2.38179580091263,4.73420383848114,1.08349476526658,13,7427
"bigleaf maple","Acer macrophyllum",1,"225+ cubic feet/acre/year",312,16.1952163979998,10.3120138825764,13.6991239155066,23.6788947351611,9,19947
"bigleaf maple","Acer macrophyllum",2,"165-224 cubic feet/acre/year",312,17.2635392155168,92.8296462244653,0.888683572616482,100.519846088199,254,20236
"bigleaf maple","Acer macrophyllum",3,"120-164 cubic feet/acre/year",312,15.760963285709,82.5429638976927,0.623796361488928,105.006668095092,314,20477
"bigleaf maple","Acer macrophyllum",4,"85-119 cubic feet/acre/year",312,13.6310548238563,22.6415251595205,2.73782526557776,19.7127664048351,141,20477
"bigleaf maple","Acer macrophyllum",5,"50-84 cubic feet/acre/year",312,13.0590414258779,4.63614521873466,5.55749108603511,1.33431115481557,43,20477
"bigleaf maple","Acer macrophyllum",6,"20-49 cubic feet/acre/year",312,11.0333827355173,3.14567465383152,0.95478456048823,3.4991111198753,11,19947
"bigleaf maple","Acer macrophyllum",7,"0-19 cubic feet/acre/year",312,15.2472638646561,3.70028909070855,8.99741907484466,3.83398787810482,8,20188
"bitter cherry","Prunus emarginata",2,"165-224 cubic feet/acre/year",768,11.6483046869928,4.98522878501261,2.6395705266758,2.16423308393965,43,20236
"bitter cherry","Prunus emarginata",3,"120-164 cubic feet/acre/year",768,9.4310702274505,2.48121248692226,1.72049079051564,0.278628318958974,44,19947
"bitter cherry","Prunus emarginata",4,"85-119 cubic feet/acre/year",768,9.51946632755418,0.615575066978104,3.43994365560868,0.0547776325190701,17,19947
"bitter cherry","Prunus emarginata",5,"50-84 cubic feet/acre/year",768,4.73263564843179,0.0985011082141128,2.01328905351604,0.00282993393008418,13,20236
"bitter cherry","Prunus emarginata",6,"20-49 cubic feet/acre/year",768,8.07269188284075,0.19518933664718,0.871366481013736,0.0336298289667347,3,20236
"bitter cherry","Prunus emarginata",7,"0-19 cubic feet/acre/year",768,5.45987518236734,0.0718451585027676,9.73888326105775e-15,0.00478361587237998,1,11171
"black cottonwood","Populus balsamifera",1,"225+ cubic feet/acre/year",747,94.913593098588,1.499131688001,802.020079025503,1.1271024778874,3,4565
"black cottonwood","Populus balsamifera",2,"165-224 cubic feet/acre/year",747,43.1253199416236,16.3606928007649,31.600304879778,19.2074421290622,35,19947
"black cottonwood","Populus balsamifera",3,"120-164 cubic feet/acre/year",747,41.1263557094464,15.9412882913753,19.5777943656215,12.9859784714978,55,20188
"black cottonwood","Populus balsamifera",4,"85-119 cubic feet/acre/year",747,41.48388913507,8.7218322431656,55.4733665188101,12.5400262991727,24,19947
"black cottonwood","Populus balsamifera",5,"50-84 cubic feet/acre/year",747,33.4710276183258,1.45678088223813,60.8605657678388,0.332878107815936,18,19947
"black cottonwood","Populus balsamifera",6,"20-49 cubic feet/acre/year",747,17.8258755374925,0.0649801712681705,15.8388269911488,0.00115881209121212,4,15382
"black cottonwood","Populus balsamifera",7,"0-19 cubic feet/acre/year",747,40.0071045504249,17.8052466251065,147.105369239431,75.0930615323235,12,19947
"black locust","Robinia pseudoacacia",2,"165-224 cubic feet/acre/year",901,11.7673289464264,0.684990090459695,-3.8955533044231e-14,0.435603293188684,1,6606
"Brewer spruce","Picea breweriana",6,"20-49 cubic feet/acre/year",92,3.7516173743134,0.0315956666456113,-4.85542688425977e-15,0.000943673869174126,1,6155
"California black oak","Quercus kelloggii",2,"165-224 cubic feet/acre/year",818,11.0990915817472,0.142052615261324,2.10425170401884,0.0106387270106703,2,6606
"California black oak","Quercus kelloggii",3,"120-164 cubic feet/acre/year",818,6.24729594248487,0.383323603784529,3.69844033813126,0.0256201014056669,13,12761
"California black oak","Quercus kelloggii",4,"85-119 cubic feet/acre/year",818,4.98482699899576,2.32743570124932,0.550049874200885,0.428566971974333,20,12761
"California black oak","Quercus kelloggii",5,"50-84 cubic feet/acre/year",818,3.72677004547222,2.30935660478116,0.13394472685768,0.388642664691621,41,12761
"California black oak","Quercus kelloggii",6,"20-49 cubic feet/acre/year",818,5.6834571053694,2.4971743177681,1.03632322397645,0.567831475713734,20,12761
"California black oak","Quercus kelloggii",7,"0-19 cubic feet/acre/year",818,7.0782789545979,3.53521384044258,1.09913761294462,1.28137861325376,13,6606
"California laurel","Umbellularia californica",2,"165-224 cubic feet/acre/year",981,10.1114976175908,3.26970004132062,3.0873975958765,2.158207550994,13,12761
"California laurel","Umbellularia californica",3,"120-164 cubic feet/acre/year",981,10.7523052616482,5.16110248989715,2.48982580110252,2.52940153102614,30,13050
"California laurel","Umbellularia californica",4,"85-119 cubic feet/acre/year",981,6.64431761736835,3.32323637412403,0.513162144973759,1.3015291488299,26,13050
"California laurel","Umbellularia californica",5,"50-84 cubic feet/acre/year",981,31.0540079335021,1.85651052940404,103.244598618151,3.57701847902762,9,13050
"California laurel","Umbellularia californica",6,"20-49 cubic feet/acre/year",981,-0.272819568955285,-0.00329556582220503,0.95408605619342,0.000140708142608168,4,12761
"California red fir","Abies magnifica",3,"120-164 cubic feet/acre/year",20,17.9113946170511,0.641732351256182,7.82644719982735,0.212949884145151,3,6444
"California red fir","Abies magnifica",4,"85-119 cubic feet/acre/year",20,15.3904995607371,0.641016575782395,10.2246731561101,0.208694058986632,3,13050
"California red fir","Abies magnifica",5,"50-84 cubic feet/acre/year",20,17.0764384755351,0.941763295857751,0.463622684833075,0.582090125199901,3,6444
"California red fir","Abies magnifica",6,"20-49 cubic feet/acre/year",20,31.788468741703,0.0543186195763194,-4.71788278745758e-13,0.00321645620463012,1,6155
"canyon live oak","Quercus chrysolepis",2,"165-224 cubic feet/acre/year",805,3.48858104337,0.0401474091889732,0,0.00177678100527964,1,6606
"canyon live oak","Quercus chrysolepis",3,"120-164 cubic feet/acre/year",805,3.51528105938342,0.29902645425484,2.84822139047661,0.0387756569846833,17,12761
"canyon live oak","Quercus chrysolepis",4,"85-119 cubic feet/acre/year",805,4.97134658214552,3.10731146025134,0.329679797028551,0.535088422046787,54,13050
"canyon live oak","Quercus chrysolepis",5,"50-84 cubic feet/acre/year",805,3.21869283471411,1.99606304689901,0.0681074173733409,0.243218428816741,47,13050
"canyon live oak","Quercus chrysolepis",6,"20-49 cubic feet/acre/year",805,3.22514212549347,1.37093657330141,0.219076780164493,0.184703953489538,23,12761
"canyon live oak","Quercus chrysolepis",7,"0-19 cubic feet/acre/year",805,3.09481771807996,2.88970926626402,0.0515899087367433,2.12648863925852,10,12761
"chokecherry","Prunus virginiana",2,"165-224 cubic feet/acre/year",763,3.30380672314291,0.103203652811811,5.43111757844938,0.00521660360648253,4,13792
"chokecherry","Prunus virginiana",3,"120-164 cubic feet/acre/year",763,14.560919670505,0.278030729845046,3.13939630516747,0.0337984957925991,4,19947
"chokecherry","Prunus virginiana",4,"85-119 cubic feet/acre/year",763,0.480029291719428,0.00320709196275162,0.241318324023452,9.35161017116548e-06,5,19947
"chokecherry","Prunus virginiana",5,"50-84 cubic feet/acre/year",763,3.76979563728,0.0215816135692593,2.66065054938144e-15,0.00030737703261494,2,20188
"Douglas-fir","Pseudotsuga menziesii",1,"225+ cubic feet/acre/year",202,28.4005477207862,386.620735905233,2.09826390065812,3699.27410059467,97,19947
"Douglas-fir","Pseudotsuga menziesii",2,"165-224 cubic feet/acre/year",202,30.0843163949042,2067.85596374477,0.200204575389546,4113.19733161305,1057,20477
"Douglas-fir","Pseudotsuga menziesii",3,"120-164 cubic feet/acre/year",202,27.3199572193605,1529.69699078006,0.115313243606106,1691.67039760862,1816,20477
"Douglas-fir","Pseudotsuga menziesii",4,"85-119 cubic feet/acre/year",202,21.6361054990755,806.384525794286,0.174138624433189,731.778108337645,1546,20477
"Douglas-fir","Pseudotsuga menziesii",5,"50-84 cubic feet/acre/year",202,16.2672755547145,462.668590834555,0.0982436922495063,198.976667403091,1866,20477
"Douglas-fir","Pseudotsuga menziesii",6,"20-49 cubic feet/acre/year",202,11.695014003713,266.725576206986,0.113896579856312,138.305443913031,1072,20477
"Douglas-fir","Pseudotsuga menziesii",7,"0-19 cubic feet/acre/year",202,10.2589719539477,48.8410967318879,1.01266817164962,57.3714063051633,132,20477
"Engelmann spruce","Picea engelmannii",2,"165-224 cubic feet/acre/year",93,21.5629579698005,4.93696454037481,11.3502304599949,3.164586647488,22,19947
"Engelmann spruce","Picea engelmannii",3,"120-164 cubic feet/acre/year",93,16.1011992227922,15.6848501268131,1.55610772728349,9.44880615047728,100,20477
"Engelmann spruce","Picea engelmannii",4,"85-119 cubic feet/acre/year",93,14.8807089901088,39.4417425742759,0.918058940069932,21.2431670566364,240,20477
"Engelmann spruce","Picea engelmannii",5,"50-84 cubic feet/acre/year",93,12.0730220328837,20.8737682252281,0.525834128628456,4.69974637758636,261,20477
"Engelmann spruce","Picea engelmannii",6,"20-49 cubic feet/acre/year",93,10.4734323728069,9.88693270713097,0.500138564554818,2.09303210175124,122,20477
"Engelmann spruce","Picea engelmannii",7,"0-19 cubic feet/acre/year",93,12.0652735216258,11.993762393365,1.22230554588352,17.8340626581407,32,13871
"giant chinkapin, golden chinkapin","Chrysolepis chrysophylla",2,"165-224 cubic feet/acre/year",431,10.0982957473093,1.56515593767884,3.06732152715967,0.378570125653038,19,12761
"giant chinkapin, golden chinkapin","Chrysolepis chrysophylla",3,"120-164 cubic feet/acre/year",431,5.82825055110729,4.90462165408949,0.510393376208935,1.06450869896843,113,13050
"giant chinkapin, golden chinkapin","Chrysolepis chrysophylla",4,"85-119 cubic feet/acre/year",431,6.93486525440827,3.86186334482964,0.398012893192703,0.594050479224287,88,17615
"giant chinkapin, golden chinkapin","Chrysolepis chrysophylla",5,"50-84 cubic feet/acre/year",431,6.02387553859288,3.5447472301361,0.355325136867187,0.915374387821741,68,13050
"giant chinkapin, golden chinkapin","Chrysolepis chrysophylla",6,"20-49 cubic feet/acre/year",431,3.58470015518039,0.456976232551273,0.150429519297368,0.0440375186983988,19,13050
"giant chinkapin, golden chinkapin","Chrysolepis chrysophylla",7,"0-19 cubic feet/acre/year",431,6.09234908049615,1.79795966419261,1.90671538585424,1.39237393706157,6,12761
"giant sequoia","Sequoiadendron giganteum",2,"165-224 cubic feet/acre/year",212,33.103940184,0.285222759476765,-2.22271088575481e-13,0.0618008672558734,1,6606
"grand fir","Abies grandis",1,"225+ cubic feet/acre/year",17,27.3253673227211,5.58596797246761,46.3599028086921,14.5742612583742,3,13792
"grand fir","Abies grandis",2,"165-224 cubic feet/acre/year",17,34.5541154687077,20.1760131886143,13.522742943292,30.9787638784209,48,19947
"grand fir","Abies grandis",3,"120-164 cubic feet/acre/year",17,23.4939914946738,72.379017968859,0.952576149610436,53.3316207240249,297,20477
"grand fir","Abies grandis",4,"85-119 cubic feet/acre/year",17,19.594906090173,159.419612352301,0.421618701711182,117.601903715547,547,20477
"grand fir","Abies grandis",5,"50-84 cubic feet/acre/year",17,15.2904644200092,110.733000346873,0.280190292191865,41.5345058828107,663,20477
"grand fir","Abies grandis",6,"20-49 cubic feet/acre/year",17,14.2532297441304,51.2767800242712,0.365528888288486,16.2117927818616,319,20477
"grand fir","Abies grandis",7,"0-19 cubic feet/acre/year",17,11.54015852959,2.47217945716214,3.04589931934641,1.07546665122945,14,20477
"incense-cedar","Calocedrus decurrens",2,"165-224 cubic feet/acre/year",81,14.7051736854878,2.09086899950405,17.1888980765836,1.10121958677688,15,12761
"incense-cedar","Calocedrus decurrens",3,"120-164 cubic feet/acre/year",81,18.8643436381572,16.9361240327941,2.48409496376599,13.7459988885143,143,13050
"incense-cedar","Calocedrus decurrens",4,"85-119 cubic feet/acre/year",81,17.6380102698951,22.2842928947441,1.99977017511381,10.1494994945156,166,13050
"incense-cedar","Calocedrus decurrens",5,"50-84 cubic feet/acre/year",81,16.2433075386317,15.0794547232995,3.7954457637149,5.11796116837506,150,13050
"incense-cedar","Calocedrus decurrens",6,"20-49 cubic feet/acre/year",81,11.7101404759698,7.07075738766736,1.5715279297903,2.35482013741585,74,13050
"incense-cedar","Calocedrus decurrens",7,"0-19 cubic feet/acre/year",81,19.2688573229974,4.68541948554499,23.5707118831118,4.7604224378478,13,12761
"Jeffrey pine","Pinus jeffreyi",4,"85-119 cubic feet/acre/year",116,16.3525973922217,0.738377669488419,7.04800886759099,0.198716748271849,3,12761
"Jeffrey pine","Pinus jeffreyi",5,"50-84 cubic feet/acre/year",116,12.4919278811216,1.95354393461401,16.5004016671599,0.597371824585866,12,12761
"Jeffrey pine","Pinus jeffreyi",6,"20-49 cubic feet/acre/year",116,9.62579857302211,1.07978782434206,4.47056667215151,0.131107607660897,18,12761
"Jeffrey pine","Pinus jeffreyi",7,"0-19 cubic feet/acre/year",116,7.85495357607309,0.504341819581339,2.12819822777395,0.0714052612128053,9,6155
"knobcone pine","Pinus attenuata",3,"120-164 cubic feet/acre/year",103,0.519234867000017,0.00135750292109626,7.00235230241909e-17,1.90302998259228e-06,1,6155
"knobcone pine","Pinus attenuata",4,"85-119 cubic feet/acre/year",103,8.41948108574789,0.141851500438028,13.2522957506552,0.0187008734237698,4,12761
"knobcone pine","Pinus attenuata",5,"50-84 cubic feet/acre/year",103,7.53082475391528,0.1899894684452,9.63257998635324,0.00839392144078761,7,12761
"knobcone pine","Pinus attenuata",6,"20-49 cubic feet/acre/year",103,2.31483652462771,0.0633968415725581,0.218363836297784,0.0013610047675707,6,6444
"knobcone pine","Pinus attenuata",7,"0-19 cubic feet/acre/year",103,6.30388119366016,0.145562949978568,0.197494846642168,0.0118858739195585,2,6155
"lodgepole pine","Pinus contorta",1,"225+ cubic feet/acre/year",108,9.97206061699456,0.943177970227991,3.98536397013559,0.423714725529226,3,9227
"lodgepole pine","Pinus contorta",2,"165-224 cubic feet/acre/year",108,14.3590955221377,2.59049206783422,5.77038374240849,1.43434564762306,13,19947
"lodgepole pine","Pinus contorta",3,"120-164 cubic feet/acre/year",108,8.60790333346857,7.14796267901341,0.871156693899452,2.80956202163807,84,20236
"lodgepole pine","Pinus contorta",4,"85-119 cubic feet/acre/year",108,6.99035219019341,39.9188072038869,0.485853921983775,26.2455054543797,323,20477
"lodgepole pine","Pinus contorta",5,"50-84 cubic feet/acre/year",108,6.99433732933239,73.375456987574,0.0585047738073084,22.1453369033578,785,20477
"lodgepole pine","Pinus contorta",6,"20-49 cubic feet/acre/year",108,6.05327605390582,122.225361091245,0.0693882137985352,42.4811627245901,782,20477
"lodgepole pine","Pinus contorta",7,"0-19 cubic feet/acre/year",108,5.41790312111464,24.2551358872232,0.408004984777099,33.4497941863353,64,20477
"mountain hemlock","Tsuga mertensiana",1,"225+ cubic feet/acre/year",264,12.920670531,0.156566274239677,-1.1643074698446e-13,0.0260089268846963,1,2621
"mountain hemlock","Tsuga mertensiana",2,"165-224 cubic feet/acre/year",264,10.3285080883201,1.68209502736888,7.09581658149328,0.49734252697915,17,20188
"mountain hemlock","Tsuga mertensiana",3,"120-164 cubic feet/acre/year",264,11.0209828032787,6.69931978462264,2.78786353701768,2.94161079902256,74,20477
"mountain hemlock","Tsuga mertensiana",4,"85-119 cubic feet/acre/year",264,8.6262635011965,22.2918216799101,0.333782537266465,12.2532435189428,138,20477
"mountain hemlock","Tsuga mertensiana",5,"50-84 cubic feet/acre/year",264,7.26524106386806,37.1802108554004,0.138606179567163,17.0344558473132,221,20477
"mountain hemlock","Tsuga mertensiana",6,"20-49 cubic feet/acre/year",264,6.6725144715515,65.3227587553615,0.16400305260048,51.1067190739171,228,20477
"mountain hemlock","Tsuga mertensiana",7,"0-19 cubic feet/acre/year",264,6.04001691992757,53.5595399162083,0.116113682407096,71.4253347496847,88,20477
"noble fir","Abies procera",1,"225+ cubic feet/acre/year",22,29.950418986799,56.713301240159,6.21529952297842,1393.78781090691,7,19947
"noble fir","Abies procera",2,"165-224 cubic feet/acre/year",22,30.9025968404221,60.1635188358817,4.13069744365645,96.5298434147352,93,20477
"noble fir","Abies procera",3,"120-164 cubic feet/acre/year",22,27.1596609707328,33.0523733841031,4.58757941233968,35.7955569271544,133,20477
"noble fir","Abies procera",4,"85-119 cubic feet/acre/year",22,19.4197527928386,23.0855104180826,4.00994071433088,21.4951167832699,98,20477
"noble fir","Abies procera",5,"50-84 cubic feet/acre/year",22,19.2798496417824,9.22643234212575,5.77251180044581,5.11668758445468,72,20477
"noble fir","Abies procera",6,"20-49 cubic feet/acre/year",22,10.7682854904651,3.78760803075766,0.981489680666179,1.87415735640552,22,20236
"noble fir","Abies procera",7,"0-19 cubic feet/acre/year",22,15.1625996556754,0.368690417238122,25.0815311900341,0.0398855321601684,5,15382
"northern California black walnut","Juglans hindsii",3,"120-164 cubic feet/acre/year",603,7.51249292918288,0.574659579331769,2.14429523293528e-14,0.35452096711074,1,4565
"Norway maple","Acer platanoides",2,"165-224 cubic feet/acre/year",320,21.6467591188454,0.188449906260978,-1.08856878218092e-13,0.0259824322774593,1,6606
"Oregon ash","Fraxinus latifolia",2,"165-224 cubic feet/acre/year",542,11.3925421196212,0.548300953146335,0.0411800188840154,0.175604279789282,3,11171
"Oregon ash","Fraxinus latifolia",3,"120-164 cubic feet/acre/year",542,13.9234742614028,7.90312052701641,3.29445828879371,4.68245758915344,31,17326
"Oregon ash","Fraxinus latifolia",4,"85-119 cubic feet/acre/year",542,17.6832555415958,3.82238428342454,9.92024532619383,6.1022644335931,7,17326
"Oregon ash","Fraxinus latifolia",5,"50-84 cubic feet/acre/year",542,12.9669345373286,1.51598748371064,1.16499505251704,1.06711561352263,7,12761
"Oregon ash","Fraxinus latifolia",7,"0-19 cubic feet/acre/year",542,11.6534980344979,2.85998240258731,6.08915157393319,3.49693666630136,6,12761
"Oregon crab apple","Malus fusca",2,"165-224 cubic feet/acre/year",661,-2.25798125784466,-0.0133807529616337,1.83540347085458e-15,0.00019156054637043,3,11171
"Oregon crab apple","Malus fusca",3,"120-164 cubic feet/acre/year",661,4.35413519800093,0.0590536666926844,6.91579737020834,0.002487951265568,3,13792
"Oregon crab apple","Malus fusca",4,"85-119 cubic feet/acre/year",661,5.50632938399518,0.179870407620571,5.87793840756313,0.0114540453169483,6,7186
"Oregon crab apple","Malus fusca",6,"20-49 cubic feet/acre/year",661,7.47983777254001,0.120618702686983,8.63738251800691,0.00753547003684658,3,11171
"Oregon white oak","Quercus garryana",2,"165-224 cubic feet/acre/year",815,11.838747198041,1.75296063041689,2.97326791429591,0.780000381551081,8,6606
"Oregon white oak","Quercus garryana",3,"120-164 cubic feet/acre/year",815,8.81958410184585,3.04334711086759,2.25160011349973,0.553353713112809,26,17326
"Oregon white oak","Quercus garryana",4,"85-119 cubic feet/acre/year",815,5.2006599179271,2.10755088680939,0.729763476974613,0.520253575532894,24,19947
"Oregon white oak","Quercus garryana",5,"50-84 cubic feet/acre/year",815,4.78131025350774,3.55632627127909,0.550936126269346,0.879471777509187,39,20236
"Oregon white oak","Quercus garryana",6,"20-49 cubic feet/acre/year",815,3.38205552869594,3.03939563806763,0.148166137426074,0.595189171094789,28,17326
"Oregon white oak","Quercus garryana",7,"0-19 cubic feet/acre/year",815,4.63195520957251,47.9113595407097,0.231049596032783,57.7453235042805,71,17326
"Pacific dogwood","Cornus nuttallii",1,"225+ cubic feet/acre/year",492,1.13752569969,0.114043430566038,-4.25222180539421e-16,0.00944441120920337,1,6606
"Pacific dogwood","Cornus nuttallii",2,"165-224 cubic feet/acre/year",492,1.92477084167289,0.0108962431250437,0.311604745450633,5.01096355877614e-05,11,19947
"Pacific dogwood","Cornus nuttallii",3,"120-164 cubic feet/acre/year",492,3.89385909317427,0.430723924869675,0.371339229505873,0.0279116024676775,36,20236
"Pacific dogwood","Cornus nuttallii",4,"85-119 cubic feet/acre/year",492,2.87046386796888,0.148787681026431,0.27583829620232,0.00507815689172167,18,19947
"Pacific dogwood","Cornus nuttallii",5,"50-84 cubic feet/acre/year",492,5.26271137863328,0.0687306664153207,3.10554299664439,0.00457680295716236,7,20236
"Pacific dogwood","Cornus nuttallii",6,"20-49 cubic feet/acre/year",492,2.17007894836364,0.00320861558615566,-2.46139381073397e-15,1.08074186294883e-05,3,12761
"Pacific madrone","Arbutus menziesii",2,"165-224 cubic feet/acre/year",361,9.72217369233019,1.72266019338474,10.3245067536585,0.680919071051181,10,17326
"Pacific madrone","Arbutus menziesii",3,"120-164 cubic feet/acre/year",361,6.41267530262633,8.23025250390284,0.585803087564288,2.28241474659552,98,17615
"Pacific madrone","Arbutus menziesii",4,"85-119 cubic feet/acre/year",361,6.83493392672055,19.0014587677391,0.256433765270428,9.86192861676988,138,17615
"Pacific madrone","Arbutus menziesii",5,"50-84 cubic feet/acre/year",361,6.30893072711672,10.3184478667964,0.372173951256241,3.25907562252862,113,17615
"Pacific madrone","Arbutus menziesii",6,"20-49 cubic feet/acre/year",361,6.58619501490918,9.1315164460662,0.523079179571587,3.56834280900048,46,17615
"Pacific madrone","Arbutus menziesii",7,"0-19 cubic feet/acre/year",361,6.23223099534046,11.2545901816531,0.20289376946728,40.5763374524703,13,12761
"Pacific silver fir","Abies amabilis",1,"225+ cubic feet/acre/year",11,20.7492892401506,23.5793422037393,8.08658654019268,41.0164257966854,20,7186
"Pacific silver fir","Abies amabilis",2,"165-224 cubic feet/acre/year",11,16.2288502846088,93.4381184680292,0.663784548224521,129.432920710896,203,20188
"Pacific silver fir","Abies amabilis",3,"120-164 cubic feet/acre/year",11,14.0070976815184,103.335435782299,1.01927839195363,144.407733540566,338,20477
"Pacific silver fir","Abies amabilis",4,"85-119 cubic feet/acre/year",11,10.9633401725655,90.0854174389006,0.282482925818621,79.5174464554979,296,20477
"Pacific silver fir","Abies amabilis",5,"50-84 cubic feet/acre/year",11,8.58529023229642,68.7909558771122,0.174779509907716,48.7335444832734,260,20477
"Pacific silver fir","Abies amabilis",6,"20-49 cubic feet/acre/year",11,6.26185346516304,35.7574625120633,0.138347791669715,21.9742460004604,147,20477
"Pacific silver fir","Abies amabilis",7,"0-19 cubic feet/acre/year",11,8.39714320525534,34.2701589615599,1.4667547033712,65.3071393877009,55,20477
"Pacific yew","Taxus brevifolia",1,"225+ cubic feet/acre/year",231,1.29157029529411,0.0810676601405273,-8.13647145133796e-16,0.00436638310519518,1,7186
"Pacific yew","Taxus brevifolia",2,"165-224 cubic feet/acre/year",231,0.982734377136642,0.0748056235631912,2.33729026265964,0.0147098638400553,24,20236
"Pacific yew","Taxus brevifolia",3,"120-164 cubic feet/acre/year",231,2.67115486204746,0.781238121229429,0.334125107395749,0.0405445212338247,98,20477
"Pacific yew","Taxus brevifolia",4,"85-119 cubic feet/acre/year",231,4.6181141640849,1.36678155370432,1.80379497044469,0.217062649920117,75,20236
"Pacific yew","Taxus brevifolia",5,"50-84 cubic feet/acre/year",231,2.60983910558408,0.242340302181102,0.244068842375102,0.00567086534428733,42,19947
"Pacific yew","Taxus brevifolia",6,"20-49 cubic feet/acre/year",231,1.21131302974826,0.0476022441039464,0.10679657659685,0.000434076495294984,11,20188
"Pacific yew","Taxus brevifolia",7,"0-19 cubic feet/acre/year",231,3.08486597452943,0.0104204562157902,-2.30918063113119e-15,0.000111681628704536,1,8776
"paper birch","Betula papyrifera",2,"165-224 cubic feet/acre/year",375,15.94201771232,1.79982204656987,2.13342877098153,1.47787624199436,5,4565
"paper birch","Betula papyrifera",3,"120-164 cubic feet/acre/year",375,4.70681660004854,0.857528092763147,0.490332742814815,0.175951641010446,13,7186
"paper birch","Betula papyrifera",4,"85-119 cubic feet/acre/year",375,3.04267683124386,1.64186167142676,0.125821247562995,0.35266579926732,34,13341
"paper birch","Betula papyrifera",5,"50-84 cubic feet/acre/year",375,2.3891806309712,0.312175302256654,1.01137644989246,0.0214028326038497,23,7186
"paper birch","Betula papyrifera",6,"20-49 cubic feet/acre/year",375,5.87602413671897,0.638781258975595,1.70344084645481,0.155450215492294,5,7186
"paper birch","Betula papyrifera",7,"0-19 cubic feet/acre/year",375,5.08719733848,0.0934409597877812,0,0.00947094436283734,1,2621
"ponderosa pine","Pinus ponderosa",1,"225+ cubic feet/acre/year",122,21.9886289281203,0.685847032267495,0,0.504567849968302,1,2621
"ponderosa pine","Pinus ponderosa",2,"165-224 cubic feet/acre/year",122,27.8368506287127,3.28150390016358,6.37498331046019,2.58221776067176,13,19947
"ponderosa pine","Pinus ponderosa",3,"120-164 cubic feet/acre/year",122,23.6998719020277,36.4432518962365,1.26141413249546,28.2260128746151,156,20236
"ponderosa pine","Pinus ponderosa",4,"85-119 cubic feet/acre/year",122,22.4168368038075,189.318600194817,0.570039134654703,189.506582416839,604,20477
"ponderosa pine","Pinus ponderosa",5,"50-84 cubic feet/acre/year",122,15.9521153169285,318.512489172955,0.0914037708895486,117.10519492791,1708,20477
"ponderosa pine","Pinus ponderosa",6,"20-49 cubic feet/acre/year",122,12.6722816500746,280.920913432578,0.0586813091411719,121.101810975461,1364,20477
"ponderosa pine","Pinus ponderosa",7,"0-19 cubic feet/acre/year",122,17.2618143844473,24.0131924366968,2.76608270615547,13.7823994965854,99,20236
"Port-Orford-cedar","Chamaecyparis lawsoniana",2,"165-224 cubic feet/acre/year",41,22.8881582345505,2.40631269911995,14.2422361689302,1.42459693223735,7,12761
"Port-Orford-cedar","Chamaecyparis lawsoniana",3,"120-164 cubic feet/acre/year",41,16.0250068649009,2.6712087577449,19.4214342942095,1.12222905063959,22,13050
"Port-Orford-cedar","Chamaecyparis lawsoniana",4,"85-119 cubic feet/acre/year",41,12.0677139912294,1.13434057109895,5.99980053743627,0.222507890960582,11,12761
"Port-Orford-cedar","Chamaecyparis lawsoniana",5,"50-84 cubic feet/acre/year",41,11.574784170942,0.472283198304771,3.93343179215386,0.0278891452904813,11,12761
"Port-Orford-cedar","Chamaecyparis lawsoniana",6,"20-49 cubic feet/acre/year",41,9.26550343249894,0.684492793346981,3.10243004076656,0.0773261956731674,17,6444
"Port-Orford-cedar","Chamaecyparis lawsoniana",7,"0-19 cubic feet/acre/year",41,15.2771433096545,1.16825102480083,0.673777904489613,0.401214237176345,7,12761
"quaking aspen","Populus tremuloides",2,"165-224 cubic feet/acre/year",746,10.8257674189734,0.0440926494306513,17.9169845175407,0.00133706291680174,2,2621
"quaking aspen","Populus tremuloides",3,"120-164 cubic feet/acre/year",746,17.1551391332176,0.614045940540014,5.52604240065081,0.250206015224077,7,7186
"quaking aspen","Populus tremuloides",4,"85-119 cubic feet/acre/year",746,12.9918762572715,5.79242169916056,2.5629307569131,10.0473194660455,32,19947
"quaking aspen","Populus tremuloides",5,"50-84 cubic feet/acre/year",746,12.4751491513353,2.94725738956638,7.0166605778648,1.09918999374824,28,20477
"quaking aspen","Populus tremuloides",6,"20-49 cubic feet/acre/year",746,12.4261856614951,0.372179953587585,6.24794404276694,0.0364176507817984,10,19947
"quaking aspen","Populus tremuloides",7,"0-19 cubic feet/acre/year",746,8.46249267579133,3.71109300376232,3.11803568850375,1.78535220886994,11,15382
"red alder","Alnus rubra",1,"225+ cubic feet/acre/year",351,15.1316263531299,253.610349460572,2.71980526148934,2042.78923977661,78,19947
"red alder","Alnus rubra",2,"165-224 cubic feet/acre/year",351,16.0942812755004,221.25032014398,0.203335672115778,224.516608753931,491,20236
"red alder","Alnus rubra",3,"120-164 cubic feet/acre/year",351,14.9755527433798,132.127736233181,0.281633838828467,117.146057454128,432,20477
"red alder","Alnus rubra",4,"85-119 cubic feet/acre/year",351,13.8108442425447,57.7988787171948,0.743640190095097,76.3789850985231,137,20188
"red alder","Alnus rubra",5,"50-84 cubic feet/acre/year",351,13.9188661779982,11.1070199348546,0.579052112479275,6.8059887100614,47,20236
"red alder","Alnus rubra",6,"20-49 cubic feet/acre/year",351,14.1119627051483,3.00151372161645,1.55172137570049,1.7624415103312,9,20236
"red alder","Alnus rubra",7,"0-19 cubic feet/acre/year",351,15.3464275209369,12.7245694951078,4.27628763074134,25.2932611834626,15,19947
"redwood","Sequoia sempervirens",2,"165-224 cubic feet/acre/year",211,61.371117675254,2.5816762051825,0.435036700908212,6.67497913305724,2,12761
"redwood","Sequoia sempervirens",3,"120-164 cubic feet/acre/year",211,12.5604648546699,0.29113415705431,-5.83852090439097e-14,0.0871133230260202,1,6155
"redwood","Sequoia sempervirens",4,"85-119 cubic feet/acre/year",211,43.5920035392096,0.251989183455902,-6.86869799307887e-13,0.0666722656176286,1,12761
"Rocky Mountain juniper","Juniperus scopulorum",4,"85-119 cubic feet/acre/year",66,2.488313952,0.0107887709604138,0,0.000146003536330112,1,6606
"Shasta red fir","Abies shastensis",2,"165-224 cubic feet/acre/year",21,37.8300683752159,1.30556493863835,72.9654834594206,0.866917703295191,5,6155
"Shasta red fir","Abies shastensis",3,"120-164 cubic feet/acre/year",21,25.4507092647001,10.9568848685057,7.70368308111859,9.91679301990173,35,13050
"Shasta red fir","Abies shastensis",4,"85-119 cubic feet/acre/year",21,14.3603661214163,12.0047124301221,1.12842405113654,8.91285837100249,45,13050
"Shasta red fir","Abies shastensis",5,"50-84 cubic feet/acre/year",21,14.7714986642717,11.76247787067,1.13833100017393,6.43044971818799,62,13050
"Shasta red fir","Abies shastensis",6,"20-49 cubic feet/acre/year",21,14.8418821564958,10.4975227216151,1.53971205249864,6.12802359100944,41,13050
"Shasta red fir","Abies shastensis",7,"0-19 cubic feet/acre/year",21,21.3308682554729,8.1876715405836,4.09466467112791,23.4856322614186,12,13050
"Sitka spruce","Picea sitchensis",1,"225+ cubic feet/acre/year",98,32.6143741205923,297.458551094892,19.1783362552514,3025.00468446019,60,19947
"Sitka spruce","Picea sitchensis",2,"165-224 cubic feet/acre/year",98,39.9091825619575,66.6976365317127,12.1163350521984,155.121988611091,87,19947
"Sitka spruce","Picea sitchensis",3,"120-164 cubic feet/acre/year",98,30.5173487702426,16.3171852799956,12.6203423124123,7.57246733235001,75,20236
"Sitka spruce","Picea sitchensis",4,"85-119 cubic feet/acre/year",98,28.5914903354928,8.29536601137153,15.9488200037312,13.6608647001622,16,19947
"Sitka spruce","Picea sitchensis",5,"50-84 cubic feet/acre/year",98,69.7219592381544,1.10365357064941,648.533714259186,0.365652950693241,6,13792
"Sitka spruce","Picea sitchensis",6,"20-49 cubic feet/acre/year",98,45.2417408134487,1.58001607295167,735.699423091678,1.39805127764807,5,17326
"Sitka spruce","Picea sitchensis",7,"0-19 cubic feet/acre/year",98,29.3785912885799,3.04264248088488,54.5411767833074,4.44693209866834,4,17326
"subalpine fir","Abies lasiocarpa",2,"165-224 cubic feet/acre/year",19,7.94518842258436,0.834985793627648,1.27709071478503,0.460065484223118,9,7427
"subalpine fir","Abies lasiocarpa",3,"120-164 cubic feet/acre/year",19,9.55092970651635,5.00254836130581,1.44529775895548,1.24092428166612,65,13871
"subalpine fir","Abies lasiocarpa",4,"85-119 cubic feet/acre/year",19,9.87506444293827,38.8873426893055,0.425855484495001,38.0144923283201,173,20477
"subalpine fir","Abies lasiocarpa",5,"50-84 cubic feet/acre/year",19,7.02282734483046,37.0283955200443,0.250532950007476,19.2676340712523,272,20477
"subalpine fir","Abies lasiocarpa",6,"20-49 cubic feet/acre/year",19,6.12021220842019,29.4457749656015,0.116282510880096,16.8337787901293,200,20477
"subalpine fir","Abies lasiocarpa",7,"0-19 cubic feet/acre/year",19,7.16529115205524,70.6552750094329,0.332573651448683,156.726685583053,94,20477
"subalpine larch","Larix lyallii",5,"50-84 cubic feet/acre/year",72,8.96196181229423,0.86051418742914,1.77093286354386,0.218213183227479,7,2862
"subalpine larch","Larix lyallii",6,"20-49 cubic feet/acre/year",72,4.25472189458436,1.91112164049022,0.466456478983041,0.909897355545908,11,7427
"subalpine larch","Larix lyallii",7,"0-19 cubic feet/acre/year",72,3.62387154974414,2.6478633574034,0.0849933114119073,1.79989441267115,12,2862
"sugar pine","Pinus lambertiana",2,"165-224 cubic feet/acre/year",117,54.7229289918536,0.0842925878393881,427.73524723424,0.00402790001152739,4,6155
"sugar pine","Pinus lambertiana",3,"120-164 cubic feet/acre/year",117,41.9808070148858,2.18067009523946,19.3185766916108,0.260668059309674,41,13050
"sugar pine","Pinus lambertiana",4,"85-119 cubic feet/acre/year",117,27.1231096237325,8.64869920671751,7.43438507872288,2.24601008816626,94,13050
"sugar pine","Pinus lambertiana",5,"50-84 cubic feet/acre/year",117,23.5706804316623,5.13920363072318,4.65361671525304,0.579143449810057,101,13050
"sugar pine","Pinus lambertiana",6,"20-49 cubic feet/acre/year",117,20.4147395874979,4.39870198028223,2.56222469103046,3.45063861353765,41,13050
"sugar pine","Pinus lambertiana",7,"0-19 cubic feet/acre/year",117,11.9044435792412,0.237729933606135,0.289422826246032,0.0301637984673439,4,6444
"sweet cherry","Prunus avium",2,"165-224 cubic feet/acre/year",771,11.5052502839978,0.182845734998355,4.90841589250498,0.0150672614369945,2,6606
"sweet cherry","Prunus avium",4,"85-119 cubic feet/acre/year",771,7.20088651765385,0.505230114840125,9.32498260139609e-15,0.163117021355132,1,6606
"sweet cherry","Prunus avium",5,"50-84 cubic feet/acre/year",771,24.12365192082,0.157844475928145,0,0.0160930303812095,1,4565
"tanoak","Lithocarpus densiflorus",1,"225+ cubic feet/acre/year",631,8.42881452026088,7.67169639674221,4.22643451449603e-14,56.1781726587552,1,6606
"tanoak","Lithocarpus densiflorus",2,"165-224 cubic feet/acre/year",631,9.58104635538972,3.64757973728787,2.86139260668305,2.99181532593946,14,12761
"tanoak","Lithocarpus densiflorus",3,"120-164 cubic feet/acre/year",631,6.53694387627303,12.3282627910877,0.314873505646752,4.86378010559169,78,13050
"tanoak","Lithocarpus densiflorus",4,"85-119 cubic feet/acre/year",631,6.39944055947312,15.0743604837304,0.285196973122778,8.7735044344013,76,13050
"tanoak","Lithocarpus densiflorus",5,"50-84 cubic feet/acre/year",631,5.35258575440924,4.44733026685463,0.137356095983246,1.00582872008606,48,13050
"tanoak","Lithocarpus densiflorus",6,"20-49 cubic feet/acre/year",631,6.01931781810584,2.12647465316115,0.806529350641483,0.780680440498487,20,12761
"tanoak","Lithocarpus densiflorus",7,"0-19 cubic feet/acre/year",631,4.47720475156935,1.87079536475987,0.95060752731468,0.719894487777666,6,12761
"water birch","Betula occidentalis",3,"120-164 cubic feet/acre/year",374,6.45204665464848,0.0570938199472267,13.5257291715335,0.00284526260187232,2,10720
"water birch","Betula occidentalis",4,"85-119 cubic feet/acre/year",374,5.83342097186904,0.0290018649862767,1.13760558562804,0.000334486391468271,3,19947
"water birch","Betula occidentalis",5,"50-84 cubic feet/acre/year",374,5.04867524873837,0.385027090210968,2.64288904883535,0.0619424351233516,3,7186
"water birch","Betula occidentalis",7,"0-19 cubic feet/acre/year",374,1.72172200353061,0.00632487186139749,-1.95245650762016e-15,4.33975375283511e-05,1,7186
"western hemlock","Tsuga heterophylla",1,"225+ cubic feet/acre/year",263,23.7998279760866,1737.77752420929,1.12185631832496,23846.5634619321,151,19947
"western hemlock","Tsuga heterophylla",2,"165-224 cubic feet/acre/year",263,19.6010723957378,499.858323746663,0.30218354606604,880.546325757716,693,20477
"western hemlock","Tsuga heterophylla",3,"120-164 cubic feet/acre/year",263,17.5206084995554,336.43558121516,0.192313864734669,267.649587992962,1032,20477
"western hemlock","Tsuga heterophylla",4,"85-119 cubic feet/acre/year",263,13.3989351579478,176.055870946478,0.28664692250912,126.839742959308,602,20477
"western hemlock","Tsuga heterophylla",5,"50-84 cubic feet/acre/year",263,10.8608234845942,62.311666655595,0.285933225926686,26.9087374081375,359,20477
"western hemlock","Tsuga heterophylla",6,"20-49 cubic feet/acre/year",263,6.6058140781034,22.8538532888621,0.251398489483472,9.38738028450019,122,20477
"western hemlock","Tsuga heterophylla",7,"0-19 cubic feet/acre/year",263,7.55628564182599,10.4582382470442,1.46493434281703,14.8506841292752,20,13341
"western juniper","Juniperus occidentalis",3,"120-164 cubic feet/acre/year",64,3.62480349738461,0.00417146911861444,0,1.97064478316941e-05,1,6155
"western juniper","Juniperus occidentalis",4,"85-119 cubic feet/acre/year",64,7.96103080610987,1.05439076363411,2.76159841253069,0.314258327391605,10,13050
"western juniper","Juniperus occidentalis",5,"50-84 cubic feet/acre/year",64,6.67761223524847,4.02944795817117,0.439405668914107,0.379949651152332,117,15382
"western juniper","Juniperus occidentalis",6,"20-49 cubic feet/acre/year",64,6.43760199594233,11.7284546988088,0.169923728458074,1.58205977122266,257,13050
"western juniper","Juniperus occidentalis",7,"0-19 cubic feet/acre/year",64,6.81619971376794,139.871908221739,0.0551664398195402,60.4661988471295,350,12761
"western larch","Larix occidentalis",1,"225+ cubic feet/acre/year",73,18.0961592833996,3.87210244798941,0.0439248607168232,11.1599100136731,3,2621
"western larch","Larix occidentalis",2,"165-224 cubic feet/acre/year",73,14.6961307185002,1.60212358955982,1.14832632904253,0.518812467263622,10,19947
"western larch","Larix occidentalis",3,"120-164 cubic feet/acre/year",73,13.8106288354977,11.3450657666761,2.03371818299563,4.19867323336763,97,20236
"western larch","Larix occidentalis",4,"85-119 cubic feet/acre/year",73,11.8882832898002,31.4273336470978,0.270781545377203,8.88527998170721,317,20477
"western larch","Larix occidentalis",5,"50-84 cubic feet/acre/year",73,9.69842057465356,30.2586494815556,0.184647931759635,5.6931890577159,545,20477
"western larch","Larix occidentalis",6,"20-49 cubic feet/acre/year",73,8.35308978768455,12.797984072826,0.542636689190785,2.23394714022024,233,20236
"western larch","Larix occidentalis",7,"0-19 cubic feet/acre/year",73,13.6844403455522,1.1797603803351,8.58527102096689,0.48506868067935,8,9017
"western redcedar","Thuja plicata",1,"225+ cubic feet/acre/year",242,25.5587236906343,90.3455489580135,19.2011069281421,414.587803813512,42,19947
"western redcedar","Thuja plicata",2,"165-224 cubic feet/acre/year",242,24.4761581391231,113.150913141149,2.83734917695885,131.613368662822,320,20188
"western redcedar","Thuja plicata",3,"120-164 cubic feet/acre/year",242,25.4230753482298,147.242600373004,2.18741320972974,131.858101723001,564,20477
"western redcedar","Thuja plicata",4,"85-119 cubic feet/acre/year",242,18.5023431960186,129.814295647711,1.67435108491801,185.78167635537,360,20477
"western redcedar","Thuja plicata",5,"50-84 cubic feet/acre/year",242,15.1370886493746,48.0469222052296,1.56378015289755,32.6829370765313,240,20477
"western redcedar","Thuja plicata",6,"20-49 cubic feet/acre/year",242,11.4649402495954,13.2615721820486,3.33159431376338,12.2627742648122,63,20477
"western redcedar","Thuja plicata",7,"0-19 cubic feet/acre/year",242,26.3900502248491,9.80816057872808,198.273976254544,32.7308399701988,16,13341
"western white pine","Pinus monticola",2,"165-224 cubic feet/acre/year",119,27.7346180544774,1.74059351412226,15.0148099928198,0.65893812686212,14,13582
"western white pine","Pinus monticola",3,"120-164 cubic feet/acre/year",119,24.5685595092921,2.2331534677947,5.35385586331339,0.252175753102646,46,20477
"western white pine","Pinus monticola",4,"85-119 cubic feet/acre/year",119,21.544870945007,6.13780287681448,3.67175601222769,1.16559489059338,100,20477
"western white pine","Pinus monticola",5,"50-84 cubic feet/acre/year",119,13.5164944613186,4.54912201174707,1.47724686589055,0.647692394479538,102,20477
"western white pine","Pinus monticola",6,"20-49 cubic feet/acre/year",119,9.13309811303327,5.37166172028628,0.395790969299683,0.600784718213561,118,20477
"western white pine","Pinus monticola",7,"0-19 cubic feet/acre/year",119,5.83845565696963,1.18631047423365,3.64638412818788,0.147229443123879,27,15912
"white alder","Alnus rhombifolia",2,"165-224 cubic feet/acre/year",352,27.0633652644706,0.0490490463317626,3.13960082048687e-13,0.00253381325239313,1,15382
"white alder","Alnus rhombifolia",3,"120-164 cubic feet/acre/year",352,29.3001057977272,0.728717974098395,498.279643487762,0.300036545741268,5,19947
"white alder","Alnus rhombifolia",4,"85-119 cubic feet/acre/year",352,8.17489136311564,0.618841005680085,6.12672091594579,0.141179278459273,6,10720
"white alder","Alnus rhombifolia",5,"50-84 cubic feet/acre/year",352,10.3196916333281,0.0811284893108121,39.288249997021,0.00501572147296579,2,10720
"white alder","Alnus rhombifolia",7,"0-19 cubic feet/acre/year",352,7.410891262212,1.14472673194397,-1.80932233201282e-14,1.09714998079608,1,4565
"white fir","Abies concolor",2,"165-224 cubic feet/acre/year",15,21.0826211532179,4.58040585326072,11.5999723278439,3.07233421152032,15,12761
"white fir","Abies concolor",3,"120-164 cubic feet/acre/year",15,22.1729247494578,40.7740319571575,0.980411562992482,37.297212386196,140,15671
"white fir","Abies concolor",4,"85-119 cubic feet/acre/year",15,17.5926556760054,74.1299363051043,0.528138330062714,51.2367864524862,257,17856
"white fir","Abies concolor",5,"50-84 cubic feet/acre/year",15,15.204302510499,58.3893528329696,0.303971350521193,21.5660856201734,303,17615
"white fir","Abies concolor",6,"20-49 cubic feet/acre/year",15,13.047322610392,30.9237070669783,0.355300132155919,18.1019529301925,160,13050
"white fir","Abies concolor",7,"0-19 cubic feet/acre/year",15,21.4280155005831,2.42758765441466,16.9573041626024,1.7168567217247,5,12761
"whitebark pine","Pinus albicaulis",3,"120-164 cubic feet/acre/year",101,3.39256832722381,0.0942946637112105,0.0291786052398077,0.00548030994138441,2,6155
"whitebark pine","Pinus albicaulis",4,"85-119 cubic feet/acre/year",101,5.07697382713175,0.127613727988269,2.66028573081351,0.0101608300202049,5,13630
"whitebark pine","Pinus albicaulis",5,"50-84 cubic feet/acre/year",101,3.48828756272474,0.381695735509799,0.235967699618647,0.0135426473175612,27,13871
"whitebark pine","Pinus albicaulis",6,"20-49 cubic feet/acre/year",101,6.22287592369977,2.59180531609824,0.140561419515668,0.47741293658982,59,20477
"whitebark pine","Pinus albicaulis",7,"0-19 cubic feet/acre/year",101,5.80010165662092,8.91369092602459,0.219555799319562,5.11298254358081,49,20477
